{
	"file_path": "C:\\Users\\Thegu\\AppData\\Local\\Packages\\Microsoft.MinecraftUWP_8wekyb3d8bbwe\\LocalState\\games\\com.mojang\\games\\com.mojang\\games\\com.mojang\\development_behavior_packs\\More Advanced Mods\\items\\amethyst_axe.json",
	"file_type": "item",
	"format_version": 1,
	"file_uuid": "6af6ec63_9700_4e9f_a960_9f941d94d8cf",
	"file_version": 1,
	"cache_content": {
		"children": [
			{
				"open": {
					"format_version": "1.16.100",
					"minecraft:item": {
						"description": {
							"identifier": "db:amethyst_axe",
							"category": "equipment"
						},
						"components": {
							"minecraft:max_stack_size": 1,
							"minecraft:hand_equipped": true,
							"minecraft:durability": {
								"max_damage": 4561
							},
							"minecraft:mining_speed": 1,
							"minecraft:damage": 3,
							"minecraft:enchantable": {
								"value": 22,
								"slot": "axe"
							},
							"minecraft:digger": {
								"use_efficiency": true,
								"destroy_speeds": [
									{
										"block": {
											"tags": "q.any_tag('wood', 'pumpkin', 'plant')"
										},
										"speed": 12
									},
									{
										"block": "minecraft:chest",
										"speed": 12
									},
									{
										"block": "minecraft:melon_block",
										"speed": 12
									}
								]
							},
							"tag:minecraft:is_axe": {},
							"minecraft:creative_category": {
								"parent": "itemGroup.name.axe"
							}
						}
					}
				},
				"data": "1.16.100",
				"key": "format_version"
			},
			{
				"open": {
					"format_version": "1.16.100",
					"minecraft:item": {
						"description": {
							"identifier": "db:amethyst_axe",
							"category": "equipment"
						},
						"components": {
							"minecraft:max_stack_size": 1,
							"minecraft:hand_equipped": true,
							"minecraft:durability": {
								"max_damage": 4561
							},
							"minecraft:mining_speed": 1,
							"minecraft:damage": 3,
							"minecraft:enchantable": {
								"value": 22,
								"slot": "axe"
							},
							"minecraft:digger": {
								"use_efficiency": true,
								"destroy_speeds": [
									{
										"block": {
											"tags": "q.any_tag('wood', 'pumpkin', 'plant')"
										},
										"speed": 12
									},
									{
										"block": "minecraft:chest",
										"speed": 12
									},
									{
										"block": "minecraft:melon_block",
										"speed": 12
									}
								]
							},
							"tag:minecraft:is_axe": {},
							"minecraft:creative_category": {
								"parent": "itemGroup.name.axe"
							}
						}
					}
				},
				"key": "minecraft:item",
				"children": [
					{
						"open": {
							"description": {
								"identifier": "db:amethyst_axe",
								"category": "equipment"
							},
							"components": {
								"minecraft:max_stack_size": 1,
								"minecraft:hand_equipped": true,
								"minecraft:durability": {
									"max_damage": 4561
								},
								"minecraft:mining_speed": 1,
								"minecraft:damage": 3,
								"minecraft:enchantable": {
									"value": 22,
									"slot": "axe"
								},
								"minecraft:digger": {
									"use_efficiency": true,
									"destroy_speeds": [
										{
											"block": {
												"tags": "q.any_tag('wood', 'pumpkin', 'plant')"
											},
											"speed": 12
										},
										{
											"block": "minecraft:chest",
											"speed": 12
										},
										{
											"block": "minecraft:melon_block",
											"speed": 12
										}
									]
								},
								"tag:minecraft:is_axe": {},
								"minecraft:creative_category": {
									"parent": "itemGroup.name.axe"
								}
							}
						},
						"key": "description",
						"is_minified": true,
						"children": {
							"identifier": "db:amethyst_axe",
							"category": "equipment"
						}
					},
					{
						"open": {
							"description": {
								"identifier": "db:amethyst_axe",
								"category": "equipment"
							},
							"components": {
								"minecraft:max_stack_size": 1,
								"minecraft:hand_equipped": true,
								"minecraft:durability": {
									"max_damage": 4561
								},
								"minecraft:mining_speed": 1,
								"minecraft:damage": 3,
								"minecraft:enchantable": {
									"value": 22,
									"slot": "axe"
								},
								"minecraft:digger": {
									"use_efficiency": true,
									"destroy_speeds": [
										{
											"block": {
												"tags": "q.any_tag('wood', 'pumpkin', 'plant')"
											},
											"speed": 12
										},
										{
											"block": "minecraft:chest",
											"speed": 12
										},
										{
											"block": "minecraft:melon_block",
											"speed": 12
										}
									]
								},
								"tag:minecraft:is_axe": {},
								"minecraft:creative_category": {
									"parent": "itemGroup.name.axe"
								}
							}
						},
						"key": "components",
						"children": [
							{
								"data": "1",
								"key": "minecraft:max_stack_size"
							},
							{
								"data": "true",
								"key": "minecraft:hand_equipped"
							},
							{
								"open": {
									"minecraft:max_stack_size": 1,
									"minecraft:hand_equipped": true,
									"minecraft:durability": {
										"max_damage": 4561
									},
									"minecraft:mining_speed": 1,
									"minecraft:damage": 3,
									"minecraft:enchantable": {
										"value": 22,
										"slot": "axe"
									},
									"minecraft:digger": {
										"use_efficiency": true,
										"destroy_speeds": [
											{
												"block": {
													"tags": "q.any_tag('wood', 'pumpkin', 'plant')"
												},
												"speed": 12
											},
											{
												"block": "minecraft:chest",
												"speed": 12
											},
											{
												"block": "minecraft:melon_block",
												"speed": 12
											}
										]
									},
									"tag:minecraft:is_axe": {},
									"minecraft:creative_category": {
										"parent": "itemGroup.name.axe"
									}
								},
								"key": "minecraft:durability",
								"is_minified": true,
								"children": {
									"max_damage": 4561
								}
							},
							{
								"data": "1",
								"key": "minecraft:mining_speed"
							},
							{
								"data": "3",
								"key": "minecraft:damage"
							},
							{
								"key": "minecraft:enchantable",
								"is_minified": true,
								"children": {
									"value": 22,
									"slot": "axe"
								}
							},
							{
								"key": "minecraft:digger",
								"is_minified": true,
								"children": {
									"use_efficiency": true,
									"destroy_speeds": [
										{
											"block": {
												"tags": "q.any_tag('wood', 'pumpkin', 'plant')"
											},
											"speed": 12
										},
										{
											"block": "minecraft:chest",
											"speed": 12
										},
										{
											"block": "minecraft:melon_block",
											"speed": 12
										}
									]
								}
							},
							{
								"key": "tag:minecraft:is_axe",
								"is_minified": true,
								"children": {}
							},
							{
								"open": {
									"minecraft:max_stack_size": 1,
									"minecraft:hand_equipped": true,
									"minecraft:durability": {
										"max_damage": 4561
									},
									"minecraft:mining_speed": 1,
									"minecraft:damage": 3,
									"minecraft:enchantable": {
										"value": 22,
										"slot": "axe"
									},
									"minecraft:digger": {
										"use_efficiency": true,
										"destroy_speeds": [
											{
												"block": {
													"tags": "q.any_tag('wood', 'pumpkin', 'plant')"
												},
												"speed": 12
											},
											{
												"block": "minecraft:chest",
												"speed": 12
											},
											{
												"block": "minecraft:melon_block",
												"speed": 12
											}
										]
									},
									"tag:minecraft:is_axe": {},
									"minecraft:creative_category": {
										"parent": "itemGroup.name.axe"
									}
								},
								"key": "minecraft:creative_category",
								"is_minified": true,
								"children": {
									"parent": "itemGroup.name.axe"
								}
							}
						]
					}
				]
			}
		]
	}
}