{
	"file_path": "C:\\Users\\Thegu\\AppData\\Local\\Packages\\Microsoft.MinecraftUWP_8wekyb3d8bbwe\\LocalState\\games\\com.mojang\\games\\com.mojang\\games\\com.mojang\\development_behavior_packs\\More Advanced Mods\\items\\amethyst_shovel.json",
	"file_type": "item",
	"format_version": 1,
	"file_uuid": "405fc725_f444_4a32_a392_8d34e04d933e",
	"file_version": 2,
	"cache_content": {
		"children": [
			{
				"open": {
					"format_version": "1.16.100",
					"minecraft:item": {
						"description": {
							"identifier": "db:amethyst_shovel",
							"category": "equipment"
						},
						"components": {
							"minecraft:max_stack_size": 1,
							"minecraft:hand_equipped": true,
							"minecraft:durability": {
								"max_damage": 4561
							},
							"minecraft:mining_speed": 1,
							"minecraft:damage": 1,
							"minecraft:enchantable": {
								"value": 10,
								"slot": "shovel"
							},
							"minecraft:digger": {
								"use_efficiency": true,
								"destroy_speeds": [
									{
										"block": {
											"tags": "q.any_tag('dirt', 'sand', 'gravel', 'grass', 'snow')"
										},
										"speed": 8
									}
								]
							},
							"tag:minecraft:is_shovel": {},
							"minecraft:icon": {
								"texture": "db_amethyst_shovel"
							},
							"minecraft:creative_category": {
								"parent": "itemGroup.name.shovel"
							},
							"minecraft:display_name": {
								"value": "§5Amethyst Shovel"
							},
							"minecraft:weapon": {}
						}
					}
				},
				"data": "1.16.100",
				"key": "format_version"
			},
			{
				"open": {
					"format_version": "1.16.100",
					"minecraft:item": {
						"description": {
							"identifier": "db:amethyst_shovel",
							"category": "equipment"
						},
						"components": {
							"minecraft:max_stack_size": 1,
							"minecraft:hand_equipped": true,
							"minecraft:durability": {
								"max_damage": 4561
							},
							"minecraft:mining_speed": 1,
							"minecraft:damage": 1,
							"minecraft:enchantable": {
								"value": 10,
								"slot": "shovel"
							},
							"minecraft:digger": {
								"use_efficiency": true,
								"destroy_speeds": [
									{
										"block": {
											"tags": "q.any_tag('dirt', 'sand', 'gravel', 'grass', 'snow')"
										},
										"speed": 8
									}
								]
							},
							"tag:minecraft:is_shovel": {},
							"minecraft:icon": {
								"texture": "db_amethyst_shovel"
							},
							"minecraft:creative_category": {
								"parent": "itemGroup.name.shovel"
							},
							"minecraft:display_name": {
								"value": "§5Amethyst Shovel"
							},
							"minecraft:weapon": {}
						}
					}
				},
				"key": "minecraft:item",
				"children": [
					{
						"open": {
							"description": {
								"identifier": "db:amethyst_shovel",
								"category": "equipment"
							},
							"components": {
								"minecraft:max_stack_size": 1,
								"minecraft:hand_equipped": true,
								"minecraft:durability": {
									"max_damage": 4561
								},
								"minecraft:mining_speed": 1,
								"minecraft:damage": 1,
								"minecraft:enchantable": {
									"value": 10,
									"slot": "shovel"
								},
								"minecraft:digger": {
									"use_efficiency": true,
									"destroy_speeds": [
										{
											"block": {
												"tags": "q.any_tag('dirt', 'sand', 'gravel', 'grass', 'snow')"
											},
											"speed": 8
										}
									]
								},
								"tag:minecraft:is_shovel": {},
								"minecraft:icon": {
									"texture": "db_amethyst_shovel"
								},
								"minecraft:creative_category": {
									"parent": "itemGroup.name.shovel"
								},
								"minecraft:display_name": {
									"value": "§5Amethyst Shovel"
								},
								"minecraft:weapon": {}
							}
						},
						"key": "description",
						"is_minified": true,
						"children": {
							"identifier": "db:amethyst_shovel",
							"category": "equipment"
						}
					},
					{
						"open": {
							"description": {
								"identifier": "db:amethyst_shovel",
								"category": "equipment"
							},
							"components": {
								"minecraft:max_stack_size": 1,
								"minecraft:hand_equipped": true,
								"minecraft:durability": {
									"max_damage": 4561
								},
								"minecraft:mining_speed": 1,
								"minecraft:damage": 1,
								"minecraft:enchantable": {
									"value": 10,
									"slot": "shovel"
								},
								"minecraft:digger": {
									"use_efficiency": true,
									"destroy_speeds": [
										{
											"block": {
												"tags": "q.any_tag('dirt', 'sand', 'gravel', 'grass', 'snow')"
											},
											"speed": 8
										}
									]
								},
								"tag:minecraft:is_shovel": {},
								"minecraft:icon": {
									"texture": "db_amethyst_shovel"
								},
								"minecraft:creative_category": {
									"parent": "itemGroup.name.shovel"
								},
								"minecraft:display_name": {
									"value": "§5Amethyst Shovel"
								},
								"minecraft:weapon": {}
							}
						},
						"key": "components",
						"children": [
							{
								"data": "1",
								"key": "minecraft:max_stack_size"
							},
							{
								"data": "true",
								"key": "minecraft:hand_equipped"
							},
							{
								"open": {
									"minecraft:max_stack_size": 1,
									"minecraft:hand_equipped": true,
									"minecraft:durability": {
										"max_damage": 4561
									},
									"minecraft:mining_speed": 1,
									"minecraft:damage": 1,
									"minecraft:enchantable": {
										"value": 10,
										"slot": "shovel"
									},
									"minecraft:digger": {
										"use_efficiency": true,
										"destroy_speeds": [
											{
												"block": {
													"tags": "q.any_tag('dirt', 'sand', 'gravel', 'grass', 'snow')"
												},
												"speed": 8
											}
										]
									},
									"tag:minecraft:is_shovel": {},
									"minecraft:icon": {
										"texture": "db_amethyst_shovel"
									},
									"minecraft:creative_category": {
										"parent": "itemGroup.name.shovel"
									},
									"minecraft:display_name": {
										"value": "§5Amethyst Shovel"
									},
									"minecraft:weapon": {}
								},
								"key": "minecraft:durability",
								"is_minified": true,
								"children": {
									"max_damage": 4561
								}
							},
							{
								"data": "1",
								"key": "minecraft:mining_speed"
							},
							{
								"data": "1",
								"key": "minecraft:damage"
							},
							{
								"key": "minecraft:enchantable",
								"is_minified": true,
								"children": {
									"value": 10,
									"slot": "shovel"
								}
							},
							{
								"key": "minecraft:digger",
								"is_minified": true,
								"children": {
									"use_efficiency": true,
									"destroy_speeds": [
										{
											"block": {
												"tags": "q.any_tag('dirt', 'sand', 'gravel', 'grass', 'snow')"
											},
											"speed": 8
										}
									]
								}
							},
							{
								"key": "tag:minecraft:is_shovel",
								"is_minified": true,
								"children": {}
							},
							{
								"open": {
									"minecraft:max_stack_size": 1,
									"minecraft:hand_equipped": true,
									"minecraft:durability": {
										"max_damage": 4561
									},
									"minecraft:mining_speed": 1,
									"minecraft:damage": 1,
									"minecraft:enchantable": {
										"value": 10,
										"slot": "shovel"
									},
									"minecraft:digger": {
										"use_efficiency": true,
										"destroy_speeds": [
											{
												"block": {
													"tags": "q.any_tag('dirt', 'sand', 'gravel', 'grass', 'snow')"
												},
												"speed": 8
											}
										]
									},
									"tag:minecraft:is_shovel": {},
									"minecraft:icon": {
										"texture": "db_amethyst_shovel"
									},
									"minecraft:creative_category": {
										"parent": "itemGroup.name.shovel"
									},
									"minecraft:display_name": {
										"value": "§5Amethyst Shovel"
									},
									"minecraft:weapon": {}
								},
								"key": "minecraft:icon",
								"is_minified": true,
								"children": {
									"texture": "db_amethyst_shovel"
								}
							},
							{
								"open": {
									"minecraft:max_stack_size": 1,
									"minecraft:hand_equipped": true,
									"minecraft:durability": {
										"max_damage": 4561
									},
									"minecraft:mining_speed": 1,
									"minecraft:damage": 1,
									"minecraft:enchantable": {
										"value": 10,
										"slot": "shovel"
									},
									"minecraft:digger": {
										"use_efficiency": true,
										"destroy_speeds": [
											{
												"block": {
													"tags": "q.any_tag('dirt', 'sand', 'gravel', 'grass', 'snow')"
												},
												"speed": 8
											}
										]
									},
									"tag:minecraft:is_shovel": {},
									"minecraft:icon": {
										"texture": "db_amethyst_shovel"
									},
									"minecraft:creative_category": {
										"parent": "itemGroup.name.shovel"
									},
									"minecraft:display_name": {
										"value": "§5Amethyst Shovel"
									},
									"minecraft:weapon": {}
								},
								"key": "minecraft:creative_category",
								"is_minified": true,
								"children": {
									"parent": "itemGroup.name.shovel"
								}
							},
							{
								"open": {
									"minecraft:max_stack_size": 1,
									"minecraft:hand_equipped": true,
									"minecraft:durability": {
										"max_damage": 4561
									},
									"minecraft:mining_speed": 1,
									"minecraft:damage": 1,
									"minecraft:enchantable": {
										"value": 10,
										"slot": "shovel"
									},
									"minecraft:digger": {
										"use_efficiency": true,
										"destroy_speeds": [
											{
												"block": {
													"tags": "q.any_tag('dirt', 'sand', 'gravel', 'grass', 'snow')"
												},
												"speed": 8
											}
										]
									},
									"tag:minecraft:is_shovel": {},
									"minecraft:icon": {
										"texture": "db_amethyst_shovel"
									},
									"minecraft:creative_category": {
										"parent": "itemGroup.name.shovel"
									},
									"minecraft:display_name": {
										"value": "§5Amethyst Shovel"
									},
									"minecraft:weapon": {}
								},
								"key": "minecraft:display_name",
								"is_minified": true,
								"children": {
									"value": "§5Amethyst Shovel"
								}
							},
							{
								"key": "minecraft:weapon",
								"is_minified": true,
								"children": {}
							}
						]
					}
				]
			}
		]
	}
}