{
	"file_path": "C:\\Users\\Thegu\\AppData\\Local\\Packages\\Microsoft.MinecraftUWP_8wekyb3d8bbwe\\LocalState\\games\\com.mojang\\games\\com.mojang\\games\\com.mojang\\development_behavior_packs\\More Advanced Mods\\items\\amethyst_hoe.json",
	"file_type": "item",
	"format_version": 1,
	"file_uuid": "84783147_e894_4fd5_a0fe_461cb9b7a684",
	"file_version": 4,
	"cache_content": {
		"children": [
			{
				"data": "1.16.100",
				"key": "format_version"
			},
			{
				"open": {
					"format_version": "1.16.100",
					"minecraft:item": {
						"description": {
							"identifier": "db:amethyst_hoe",
							"category": "equipment"
						},
						"components": {
							"minecraft:max_stack_size": 1,
							"minecraft:hand_equipped": true,
							"minecraft:durability": {
								"max_damage": 4561
							},
							"minecraft:mining_speed": 8,
							"minecraft:damage": 0,
							"minecraft:enchantable": {
								"value": 10,
								"slot": "hoe"
							},
							"minecraft:use_on": {
								"blocks": [
									"grass",
									"dirt",
									"grass_path"
								]
							},
							"tag:minecraft:is_hoe": {},
							"minecraft:icon": {
								"texture": "db_amethyst_hoe"
							},
							"minecraft:creative_category": {
								"parent": "itemGroup.name.hoe"
							},
							"minecraft:display_name": {
								"value": "§5Amethyst Hoe"
							},
							"minecraft:weapon": {}
						},
						"events": {}
					}
				},
				"key": "minecraft:item",
				"children": [
					{
						"key": "description",
						"is_minified": true,
						"children": {
							"identifier": "db:amethyst_hoe",
							"category": "equipment"
						}
					},
					{
						"open": {
							"description": {
								"identifier": "db:amethyst_hoe",
								"category": "equipment"
							},
							"components": {
								"minecraft:max_stack_size": 1,
								"minecraft:hand_equipped": true,
								"minecraft:durability": {
									"max_damage": 4561
								},
								"minecraft:mining_speed": 8,
								"minecraft:damage": 0,
								"minecraft:enchantable": {
									"value": 10,
									"slot": "hoe"
								},
								"minecraft:use_on": {
									"blocks": [
										"grass",
										"dirt",
										"grass_path"
									]
								},
								"tag:minecraft:is_hoe": {},
								"minecraft:icon": {
									"texture": "db_amethyst_hoe"
								},
								"minecraft:creative_category": {
									"parent": "itemGroup.name.hoe"
								},
								"minecraft:display_name": {
									"value": "§5Amethyst Hoe"
								},
								"minecraft:weapon": {}
							},
							"events": {}
						},
						"key": "components",
						"is_minified": true,
						"children": {
							"minecraft:max_stack_size": 1,
							"minecraft:hand_equipped": true,
							"minecraft:durability": {
								"max_damage": 4561
							},
							"minecraft:mining_speed": 8,
							"minecraft:damage": 0,
							"minecraft:enchantable": {
								"value": 10,
								"slot": "hoe"
							},
							"minecraft:use_on": {
								"blocks": [
									"grass",
									"dirt",
									"grass_path"
								]
							},
							"tag:minecraft:is_hoe": {},
							"minecraft:icon": {
								"texture": "db_amethyst_hoe"
							},
							"minecraft:creative_category": {
								"parent": "itemGroup.name.hoe"
							},
							"minecraft:display_name": {
								"value": "§5Amethyst Hoe"
							},
							"minecraft:weapon": {}
						}
					},
					{
						"key": "events",
						"is_minified": true,
						"children": {}
					}
				]
			}
		]
	}
}