{
	"file_path": "C:\\Users\\Thegu\\AppData\\Local\\Packages\\Microsoft.MinecraftUWP_8wekyb3d8bbwe\\LocalState\\games\\com.mojang\\games\\com.mojang\\games\\com.mojang\\development_resource_packs\\More Advanced Mods RP\\textures\\item_texture.json",
	"file_type": "item_texture",
	"format_version": 1,
	"file_uuid": "c092197c_ecb7_4395_9b45_7c7dd06e4fd9",
	"file_version": 3,
	"cache_content": {
		"children": [
			{
				"data": "bridgeRP",
				"key": "resource_pack_name"
			},
			{
				"data": "atlas.items",
				"key": "texture_name"
			},
			{
				"open": {
					"resource_pack_name": "bridgeRP",
					"texture_name": "atlas.items",
					"texture_data": {
						"home": {
							"textures": [
								"textures/items/homepaper"
							]
						},
						"db_glizzy": {
							"textures": [
								"textures/items/Sausage_raw"
							]
						},
						"gem": {
							"textures": [
								"textures/items/amethyst"
							]
						},
						"db_amethyst_pickaxe": {
							"textures": [
								"textures/items/amethyst_pickaxe"
							]
						},
						"db_amethyst_sword": {
							"textures": "textures/items/amethyst_sword"
						},
						"db_amethyst_helmet": {
							"textures": [
								"textures/items/amethyst_helmet"
							]
						},
						"db_amethyst_chestplate": {
							"textures": [
								"textures/items/amethyst_chestplate"
							]
						},
						"db_amethyst_leggings": {
							"textures": [
								"textures/items/amethyst_leggings"
							]
						},
						"db_amethyst_boots": {
							"textures": [
								"textures/items/amethyst_boots"
							]
						},
						"db_amethyst_hoe": {
							"textures": [
								"textures/items/amethyst_hoe"
							]
						},
						"db_amethyst_apple": {
							"textures": "textures/items/amethyst_apple"
						},
						"db_amethyst_axe": {
							"textures": [
								"textures/items/amethyst_axe"
							]
						},
						"db_amethyst_shovel": {
							"textures": [
								"textures/items/amethyst_shovel"
							]
						}
					}
				},
				"key": "texture_data",
				"children": [
					{
						"key": "home",
						"is_minified": true,
						"children": {
							"textures": [
								"textures/items/homepaper"
							]
						}
					},
					{
						"key": "db_glizzy",
						"is_minified": true,
						"children": {
							"textures": [
								"textures/items/Sausage_raw"
							]
						}
					},
					{
						"key": "gem",
						"is_minified": true,
						"children": {
							"textures": [
								"textures/items/amethyst"
							]
						}
					},
					{
						"key": "db_amethyst_pickaxe",
						"is_minified": true,
						"children": {
							"textures": [
								"textures/items/amethyst_pickaxe"
							]
						}
					},
					{
						"key": "db_amethyst_sword",
						"is_minified": true,
						"children": {
							"textures": "textures/items/amethyst_sword"
						}
					},
					{
						"key": "db_amethyst_helmet",
						"is_minified": true,
						"children": {
							"textures": [
								"textures/items/amethyst_helmet"
							]
						}
					},
					{
						"key": "db_amethyst_chestplate",
						"is_minified": true,
						"children": {
							"textures": [
								"textures/items/amethyst_chestplate"
							]
						}
					},
					{
						"key": "db_amethyst_leggings",
						"is_minified": true,
						"children": {
							"textures": [
								"textures/items/amethyst_leggings"
							]
						}
					},
					{
						"key": "db_amethyst_boots",
						"is_minified": true,
						"children": {
							"textures": [
								"textures/items/amethyst_boots"
							]
						}
					},
					{
						"key": "db_amethyst_hoe",
						"is_minified": true,
						"children": {
							"textures": [
								"textures/items/amethyst_hoe"
							]
						}
					},
					{
						"key": "db_amethyst_apple",
						"is_minified": true,
						"children": {
							"textures": "textures/items/amethyst_apple"
						}
					},
					{
						"key": "db_amethyst_axe",
						"children": [
							{
								"open": {
									"textures": [
										"textures/items/amethyst_axe"
									]
								},
								"key": "textures",
								"is_minified": true,
								"children": [
									"textures/items/amethyst_axe"
								]
							}
						]
					},
					{
						"open": {
							"home": {
								"textures": [
									"textures/items/homepaper"
								]
							},
							"db_glizzy": {
								"textures": [
									"textures/items/Sausage_raw"
								]
							},
							"gem": {
								"textures": [
									"textures/items/amethyst"
								]
							},
							"db_amethyst_pickaxe": {
								"textures": [
									"textures/items/amethyst_pickaxe"
								]
							},
							"db_amethyst_sword": {
								"textures": "textures/items/amethyst_sword"
							},
							"db_amethyst_helmet": {
								"textures": [
									"textures/items/amethyst_helmet"
								]
							},
							"db_amethyst_chestplate": {
								"textures": [
									"textures/items/amethyst_chestplate"
								]
							},
							"db_amethyst_leggings": {
								"textures": [
									"textures/items/amethyst_leggings"
								]
							},
							"db_amethyst_boots": {
								"textures": [
									"textures/items/amethyst_boots"
								]
							},
							"db_amethyst_hoe": {
								"textures": [
									"textures/items/amethyst_hoe"
								]
							},
							"db_amethyst_apple": {
								"textures": "textures/items/amethyst_apple"
							},
							"db_amethyst_axe": {
								"textures": [
									"textures/items/amethyst_axe"
								]
							},
							"db_amethyst_shovel": {
								"textures": [
									"textures/items/amethyst_shovel"
								]
							}
						},
						"key": "db_amethyst_shovel",
						"children": [
							{
								"open": {
									"textures": [
										"textures/items/amethyst_shovel"
									]
								},
								"key": "textures",
								"is_minified": true,
								"children": [
									"textures/items/amethyst_shovel"
								]
							}
						]
					}
				]
			}
		]
	}
}