{
	"file_path": "C:\\Users\\Thegu\\AppData\\Local\\Packages\\Microsoft.MinecraftUWP_8wekyb3d8bbwe\\LocalState\\games\\com.mojang\\games\\com.mojang\\games\\com.mojang\\development_behavior_packs\\More Advanced Mods\\recipes\\Recipes_46ca6a27_custom.json",
	"file_type": "recipe",
	"format_version": 1,
	"file_uuid": "f74507f9_2706_4e91_b001_586c1c9e06de",
	"file_version": 0,
	"cache_content": {
		"children": [
			{
				"open": {
					"format_version": "1.16.100",
					"minecraft:recipe_shaped": {
						"description": {
							"identifier": "recipes_1e696bee"
						},
						"tags": [
							"crafting_table"
						],
						"pattern": [
							"A",
							"B",
							"B"
						],
						"key": {
							"A": {
								"item": "db:amethyst_gem",
								"data": 0
							},
							"B": {
								"item": "minecraft:stick",
								"data": 0
							}
						},
						"result": {
							"item": "db:amethyst_shovel",
							"count": 1
						}
					}
				},
				"data": "1.16.100",
				"key": "format_version"
			},
			{
				"open": {
					"format_version": "1.16.100",
					"minecraft:recipe_shaped": {
						"description": {
							"identifier": "recipes_1e696bee"
						},
						"tags": [
							"crafting_table"
						],
						"pattern": [
							"A",
							"B",
							"B"
						],
						"key": {
							"A": {
								"item": "db:amethyst_gem",
								"data": 0
							},
							"B": {
								"item": "minecraft:stick",
								"data": 0
							}
						},
						"result": {
							"item": "db:amethyst_shovel",
							"count": 1
						}
					}
				},
				"key": "minecraft:recipe_shaped",
				"children": [
					{
						"key": "description",
						"is_minified": true,
						"children": {
							"identifier": "recipes_1e696bee"
						}
					},
					{
						"key": "tags",
						"is_minified": true,
						"children": [
							"crafting_table"
						]
					},
					{
						"key": "pattern",
						"is_minified": true,
						"children": [
							"A",
							"B",
							"B"
						]
					},
					{
						"open": {
							"description": {
								"identifier": "recipes_1e696bee"
							},
							"tags": [
								"crafting_table"
							],
							"pattern": [
								"A",
								"B",
								"B"
							],
							"key": {
								"A": {
									"item": "db:amethyst_gem",
									"data": 0
								},
								"B": {
									"item": "minecraft:stick",
									"data": 0
								}
							},
							"result": {
								"item": "db:amethyst_shovel",
								"count": 1
							}
						},
						"key": "key",
						"children": [
							{
								"open": {
									"A": {
										"item": "db:amethyst_gem",
										"data": 0
									},
									"B": {
										"item": "minecraft:stick",
										"data": 0
									}
								},
								"key": "A",
								"is_minified": true,
								"children": {
									"item": "db:amethyst_gem",
									"data": 0
								}
							},
							{
								"key": "B",
								"is_minified": true,
								"children": {
									"item": "minecraft:stick",
									"data": 0
								}
							}
						]
					},
					{
						"key": "result",
						"is_minified": true,
						"children": {
							"item": "db:amethyst_shovel",
							"count": 1
						}
					}
				]
			}
		]
	}
}