{
	"file_path": "C:\\Users\\Thegu\\AppData\\Local\\Packages\\Microsoft.MinecraftUWP_8wekyb3d8bbwe\\LocalState\\games\\com.mojang\\games\\com.mojang\\games\\com.mojang\\development_behavior_packs\\More Advanced Mods\\recipes\\Recipes_025e4681_custom.json",
	"file_type": "recipe",
	"format_version": 1,
	"file_uuid": "94bc7a4c_d19f_488b_aef0_f52d288073b4",
	"file_version": 5,
	"cache_content": {
		"children": [
			{
				"data": "1.16.100",
				"key": "format_version"
			},
			{
				"open": {
					"format_version": "1.16.100",
					"minecraft:recipe_shaped": {
						"description": {
							"identifier": "recipes_e973dd33"
						},
						"tags": [
							"crafting_table"
						],
						"pattern": [
							"A A",
							"AAA",
							"AAA"
						],
						"key": {
							"A": {
								"data": 0,
								"item": "db:amethyst_gem"
							}
						},
						"result": {
							"item": "db:amethyst_chestplate",
							"count": 1
						}
					}
				},
				"key": "minecraft:recipe_shaped",
				"children": [
					{
						"key": "description",
						"is_minified": true,
						"children": {
							"identifier": "recipes_e973dd33"
						}
					},
					{
						"key": "tags",
						"is_minified": true,
						"children": [
							"crafting_table"
						]
					},
					{
						"key": "pattern",
						"is_minified": true,
						"children": [
							"A A",
							"AAA",
							"AAA"
						]
					},
					{
						"open": {
							"description": {
								"identifier": "recipes_e973dd33"
							},
							"tags": [
								"crafting_table"
							],
							"pattern": [
								"A A",
								"AAA",
								"AAA"
							],
							"key": {
								"A": {
									"data": 0,
									"item": "db:amethyst_gem"
								}
							},
							"result": {
								"item": "db:amethyst_chestplate",
								"count": 1
							}
						},
						"key": "key",
						"children": [
							{
								"open": {
									"A": {
										"data": 0,
										"item": "db:amethyst_gem"
									}
								},
								"key": "A",
								"is_minified": true,
								"children": {
									"data": 0,
									"item": "db:amethyst_gem"
								}
							}
						]
					},
					{
						"key": "result",
						"is_minified": true,
						"children": {
							"item": "db:amethyst_chestplate",
							"count": 1
						}
					}
				]
			}
		]
	}
}