{
	"file_path": "C:\\Users\\Thegu\\AppData\\Local\\Packages\\Microsoft.MinecraftUWP_8wekyb3d8bbwe\\LocalState\\games\\com.mojang\\games\\com.mojang\\games\\com.mojang\\development_behavior_packs\\More Advanced Mods\\recipes\\Recipes_f04c0d75_custom.json",
	"file_type": "recipe",
	"format_version": 1,
	"file_uuid": "6d483f78_89a8_4830_9a88_373a76df98de",
	"file_version": 2,
	"cache_content": {
		"children": [
			{
				"open": {
					"format_version": "1.16.100",
					"minecraft:recipe_shaped": {
						"description": {
							"identifier": "recipes_a450172e"
						},
						"tags": [
							"crafting_table"
						],
						"pattern": [
							"AA ",
							" B ",
							" B "
						],
						"key": {
							"A": {
								"item": "db:amethyst_gem",
								"data": 0
							},
							"B": {
								"item": "minecraft:stick",
								"data": 0
							}
						},
						"result": {
							"item": "db:amethyst_hoe",
							"count": 1
						}
					}
				},
				"data": "1.16.100",
				"key": "format_version"
			},
			{
				"open": {
					"format_version": "1.16.100",
					"minecraft:recipe_shaped": {
						"description": {
							"identifier": "recipes_a450172e"
						},
						"tags": [
							"crafting_table"
						],
						"pattern": [
							"AA ",
							" B ",
							" B "
						],
						"key": {
							"A": {
								"item": "db:amethyst_gem",
								"data": 0
							},
							"B": {
								"item": "minecraft:stick",
								"data": 0
							}
						},
						"result": {
							"item": "db:amethyst_hoe",
							"count": 1
						}
					}
				},
				"key": "minecraft:recipe_shaped",
				"children": [
					{
						"open": {
							"description": {
								"identifier": "recipes_a450172e"
							},
							"tags": [
								"crafting_table"
							],
							"pattern": [
								"AA ",
								" B ",
								" B "
							],
							"key": {
								"A": {
									"item": "db:amethyst_gem",
									"data": 0
								},
								"B": {
									"item": "minecraft:stick",
									"data": 0
								}
							},
							"result": {
								"item": "db:amethyst_hoe",
								"count": 1
							}
						},
						"key": "description",
						"is_minified": true,
						"children": {
							"identifier": "recipes_a450172e"
						}
					},
					{
						"open": {
							"description": {
								"identifier": "recipes_a450172e"
							},
							"tags": [
								"crafting_table"
							],
							"pattern": [
								"AA ",
								" B ",
								" B "
							],
							"key": {
								"A": {
									"item": "db:amethyst_gem",
									"data": 0
								},
								"B": {
									"item": "minecraft:stick",
									"data": 0
								}
							},
							"result": {
								"item": "db:amethyst_hoe",
								"count": 1
							}
						},
						"key": "tags",
						"is_minified": true,
						"children": [
							"crafting_table"
						]
					},
					{
						"open": {
							"description": {
								"identifier": "recipes_a450172e"
							},
							"tags": [
								"crafting_table"
							],
							"pattern": [
								"AA ",
								" B ",
								" B "
							],
							"key": {
								"A": {
									"item": "db:amethyst_gem",
									"data": 0
								},
								"B": {
									"item": "minecraft:stick",
									"data": 0
								}
							},
							"result": {
								"item": "db:amethyst_hoe",
								"count": 1
							}
						},
						"key": "pattern",
						"is_minified": true,
						"children": [
							"AA ",
							" B ",
							" B "
						]
					},
					{
						"open": {
							"description": {
								"identifier": "recipes_a450172e"
							},
							"tags": [
								"crafting_table"
							],
							"pattern": [
								"AA ",
								" B ",
								" B "
							],
							"key": {
								"A": {
									"item": "db:amethyst_gem",
									"data": 0
								},
								"B": {
									"item": "minecraft:stick",
									"data": 0
								}
							},
							"result": {
								"item": "db:amethyst_hoe",
								"count": 1
							}
						},
						"key": "key",
						"children": [
							{
								"open": {
									"A": {
										"item": "db:amethyst_gem",
										"data": 0
									},
									"B": {
										"item": "minecraft:stick",
										"data": 0
									}
								},
								"key": "A",
								"is_minified": true,
								"children": {
									"item": "db:amethyst_gem",
									"data": 0
								}
							},
							{
								"key": "B",
								"is_minified": true,
								"children": {
									"item": "minecraft:stick",
									"data": 0
								}
							}
						]
					},
					{
						"open": {
							"description": {
								"identifier": "recipes_a450172e"
							},
							"tags": [
								"crafting_table"
							],
							"pattern": [
								"AA ",
								" B ",
								" B "
							],
							"key": {
								"A": {
									"item": "db:amethyst_gem",
									"data": 0
								},
								"B": {
									"item": "minecraft:stick",
									"data": 0
								}
							},
							"result": {
								"item": "db:amethyst_hoe",
								"count": 1
							}
						},
						"key": "result",
						"is_minified": true,
						"children": {
							"item": "db:amethyst_hoe",
							"count": 1
						}
					}
				]
			}
		]
	}
}