{
	"file_path": "C:\\Users\\Thegu\\AppData\\Local\\Packages\\Microsoft.MinecraftUWP_8wekyb3d8bbwe\\LocalState\\games\\com.mojang\\games\\com.mojang\\games\\com.mojang\\development_behavior_packs\\More Advanced Mods\\items\\amethyst_apple.json",
	"file_type": "item",
	"format_version": 1,
	"file_uuid": "88353734_323d_4ede_b220_fdf8f31a22d2",
	"file_version": 2,
	"cache_content": {
		"children": [
			{
				"data": "1.16.100",
				"key": "format_version"
			},
			{
				"open": {
					"format_version": "1.16.100",
					"minecraft:item": {
						"description": {
							"identifier": "db:amethyst_apple",
							"category": "nature"
						},
						"components": {
							"minecraft:use_duration": 4,
							"minecraft:food": {
								"nutrition": 4,
								"saturation_modifier": "low",
								"on_consume": {
									"event": "effects"
								},
								"can_always_eat": true
							},
							"minecraft:icon": {
								"texture": "db_amethyst_apple"
							},
							"minecraft:use_animation": "eat",
							"minecraft:render_offsets": "apple",
							"minecraft:max_stack_size": 64,
							"minecraft:foil": true
						},
						"events": {
							"effects": {
								"run_command": {
									"command": [
										"function amethyst_apple_effects"
									]
								}
							}
						}
					}
				},
				"key": "minecraft:item",
				"children": [
					{
						"key": "description",
						"is_minified": true,
						"children": {
							"identifier": "db:amethyst_apple",
							"category": "nature"
						}
					},
					{
						"open": {
							"description": {
								"identifier": "db:amethyst_apple",
								"category": "nature"
							},
							"components": {
								"minecraft:use_duration": 4,
								"minecraft:food": {
									"nutrition": 4,
									"saturation_modifier": "low",
									"on_consume": {
										"event": "effects"
									},
									"can_always_eat": true
								},
								"minecraft:icon": {
									"texture": "db_amethyst_apple"
								},
								"minecraft:use_animation": "eat",
								"minecraft:render_offsets": "apple",
								"minecraft:max_stack_size": 64,
								"minecraft:foil": true
							},
							"events": {
								"effects": {
									"run_command": {
										"command": [
											"function amethyst_apple_effects"
										]
									}
								}
							}
						},
						"key": "components",
						"children": [
							{
								"open": {
									"minecraft:use_duration": 4,
									"minecraft:food": {
										"nutrition": 4,
										"saturation_modifier": "low",
										"on_consume": {
											"event": "effects"
										},
										"can_always_eat": true
									},
									"minecraft:icon": {
										"texture": "db_amethyst_apple"
									},
									"minecraft:use_animation": "eat",
									"minecraft:render_offsets": "apple",
									"minecraft:max_stack_size": 64,
									"minecraft:foil": true
								},
								"data": "4",
								"key": "minecraft:use_duration"
							},
							{
								"open": {
									"minecraft:use_duration": 4,
									"minecraft:food": {
										"nutrition": 4,
										"saturation_modifier": "low",
										"on_consume": {
											"event": "effects"
										},
										"can_always_eat": true
									},
									"minecraft:icon": {
										"texture": "db_amethyst_apple"
									},
									"minecraft:use_animation": "eat",
									"minecraft:render_offsets": "apple",
									"minecraft:max_stack_size": 64,
									"minecraft:foil": true
								},
								"key": "minecraft:food",
								"children": [
									{
										"data": "4",
										"key": "nutrition"
									},
									{
										"open": {
											"nutrition": 4,
											"saturation_modifier": "low",
											"on_consume": {
												"event": "effects"
											},
											"can_always_eat": true
										},
										"data": "low",
										"key": "saturation_modifier"
									},
									{
										"open": {
											"nutrition": 4,
											"saturation_modifier": "low",
											"on_consume": {
												"event": "effects"
											},
											"can_always_eat": true
										},
										"key": "on_consume",
										"is_minified": true,
										"children": {
											"event": "effects"
										}
									},
									{
										"data": "true",
										"key": "can_always_eat"
									}
								]
							},
							{
								"key": "minecraft:icon",
								"is_minified": true,
								"children": {
									"texture": "db_amethyst_apple"
								}
							},
							{
								"data": "eat",
								"key": "minecraft:use_animation"
							},
							{
								"data": "apple",
								"key": "minecraft:render_offsets"
							},
							{
								"data": "64",
								"key": "minecraft:max_stack_size"
							},
							{
								"open": {
									"minecraft:use_duration": 4,
									"minecraft:food": {
										"nutrition": 4,
										"saturation_modifier": "low",
										"on_consume": {
											"event": "effects"
										},
										"can_always_eat": true
									},
									"minecraft:icon": {
										"texture": "db_amethyst_apple"
									},
									"minecraft:use_animation": "eat",
									"minecraft:render_offsets": "apple",
									"minecraft:max_stack_size": 64,
									"minecraft:foil": true
								},
								"data": "true",
								"key": "minecraft:foil"
							}
						]
					},
					{
						"open": {
							"description": {
								"identifier": "db:amethyst_apple",
								"category": "nature"
							},
							"components": {
								"minecraft:use_duration": 4,
								"minecraft:food": {
									"nutrition": 4,
									"saturation_modifier": "low",
									"on_consume": {
										"event": "effects"
									},
									"can_always_eat": true
								},
								"minecraft:icon": {
									"texture": "db_amethyst_apple"
								},
								"minecraft:use_animation": "eat",
								"minecraft:render_offsets": "apple",
								"minecraft:max_stack_size": 64,
								"minecraft:foil": true
							},
							"events": {
								"effects": {
									"run_command": {
										"command": [
											"function amethyst_apple_effects"
										]
									}
								}
							}
						},
						"key": "events",
						"children": [
							{
								"open": {
									"effects": {
										"run_command": {
											"command": [
												"function amethyst_apple_effects"
											]
										}
									}
								},
								"key": "effects",
								"children": [
									{
										"open": {
											"run_command": {
												"command": [
													"function amethyst_apple_effects"
												]
											}
										},
										"key": "run_command",
										"children": [
											{
												"open": {
													"command": [
														"function amethyst_apple_effects"
													]
												},
												"key": "command",
												"is_minified": true,
												"children": [
													"function amethyst_apple_effects"
												]
											}
										]
									}
								]
							}
						]
					}
				]
			}
		]
	}
}