{
	"file_path": "C:\\Users\\Thegu\\AppData\\Local\\Packages\\Microsoft.MinecraftUWP_8wekyb3d8bbwe\\LocalState\\games\\com.mojang\\games\\com.mojang\\games\\com.mojang\\development_resource_packs\\More Advanced Mods RP\\items\\amethyst_axe.json",
	"file_type": "client_item",
	"format_version": 1,
	"file_uuid": "dba1fa27_7e15_4393_89a7_63cdc089ab67",
	"file_version": 1,
	"cache_content": {
		"children": [
			{
				"data": "1.16.100",
				"key": "format_version"
			},
			{
				"open": {
					"format_version": "1.16.100",
					"minecraft:item": {
						"description": {
							"identifier": "db:amethyst_axe",
							"category": "equipment"
						},
						"components": {
							"minecraft:icon": "db_amethyst_axe"
						}
					}
				},
				"key": "minecraft:item",
				"children": [
					{
						"open": {
							"description": {
								"identifier": "db:amethyst_axe",
								"category": "equipment"
							},
							"components": {
								"minecraft:icon": "db_amethyst_axe"
							}
						},
						"key": "description",
						"is_minified": true,
						"children": {
							"identifier": "db:amethyst_axe",
							"category": "equipment"
						}
					},
					{
						"open": {
							"description": {
								"identifier": "db:amethyst_axe",
								"category": "equipment"
							},
							"components": {
								"minecraft:icon": "db_amethyst_axe"
							}
						},
						"key": "components",
						"is_minified": true,
						"children": {
							"minecraft:icon": "db_amethyst_axe"
						}
					}
				]
			}
		]
	}
}