{
	"file_path": "C:\\Users\\Thegu\\AppData\\Local\\Packages\\Microsoft.MinecraftUWP_8wekyb3d8bbwe\\LocalState\\games\\com.mojang\\games\\com.mojang\\games\\com.mojang\\development_behavior_packs\\More Advanced Mods\\features\\amethystore_feature.json",
	"file_type": "feature",
	"format_version": 1,
	"file_uuid": "56607330_40da_4767_99c9_4ca059c740e1",
	"file_version": 0,
	"cache_content": {
		"children": [
			{
				"open": {
					"format_version": "1.13.0",
					"minecraft:ore_feature": {
						"description": {
							"identifier": "db:amethystore_feature"
						},
						"count": 12,
						"places_block": "db:amethyst_ore",
						"may_replace": [
							{
								"name": "minecraft:stone",
								"states": {
									"stone_type": "andesite"
								}
							},
							{
								"name": "minecraft:stone",
								"states": {
									"stone_type": "andesite_smooth"
								}
							},
							{
								"name": "minecraft:stone",
								"states": {
									"stone_type": "diorite"
								}
							},
							{
								"name": "minecraft:stone",
								"states": {
									"stone_type": "diorite_smooth"
								}
							},
							{
								"name": "minecraft:stone",
								"states": {
									"stone_type": "granite"
								}
							},
							{
								"name": "minecraft:stone",
								"states": {
									"stone_type": "granite_smooth"
								}
							},
							{
								"name": "minecraft:stone",
								"states": {
									"stone_type": "stone"
								}
							}
						]
					}
				},
				"data": "1.13.0",
				"key": "format_version"
			},
			{
				"open": {
					"format_version": "1.13.0",
					"minecraft:ore_feature": {
						"description": {
							"identifier": "db:amethystore_feature"
						},
						"count": 12,
						"places_block": "db:amethyst_ore",
						"may_replace": [
							{
								"name": "minecraft:stone",
								"states": {
									"stone_type": "andesite"
								}
							},
							{
								"name": "minecraft:stone",
								"states": {
									"stone_type": "andesite_smooth"
								}
							},
							{
								"name": "minecraft:stone",
								"states": {
									"stone_type": "diorite"
								}
							},
							{
								"name": "minecraft:stone",
								"states": {
									"stone_type": "diorite_smooth"
								}
							},
							{
								"name": "minecraft:stone",
								"states": {
									"stone_type": "granite"
								}
							},
							{
								"name": "minecraft:stone",
								"states": {
									"stone_type": "granite_smooth"
								}
							},
							{
								"name": "minecraft:stone",
								"states": {
									"stone_type": "stone"
								}
							}
						]
					}
				},
				"key": "minecraft:ore_feature",
				"children": [
					{
						"open": {
							"description": {
								"identifier": "db:amethystore_feature"
							},
							"count": 12,
							"places_block": "db:amethyst_ore",
							"may_replace": [
								{
									"name": "minecraft:stone",
									"states": {
										"stone_type": "andesite"
									}
								},
								{
									"name": "minecraft:stone",
									"states": {
										"stone_type": "andesite_smooth"
									}
								},
								{
									"name": "minecraft:stone",
									"states": {
										"stone_type": "diorite"
									}
								},
								{
									"name": "minecraft:stone",
									"states": {
										"stone_type": "diorite_smooth"
									}
								},
								{
									"name": "minecraft:stone",
									"states": {
										"stone_type": "granite"
									}
								},
								{
									"name": "minecraft:stone",
									"states": {
										"stone_type": "granite_smooth"
									}
								},
								{
									"name": "minecraft:stone",
									"states": {
										"stone_type": "stone"
									}
								}
							]
						},
						"key": "description",
						"is_minified": true,
						"children": {
							"identifier": "db:amethystore_feature"
						}
					},
					{
						"open": {
							"description": {
								"identifier": "db:amethystore_feature"
							},
							"count": 12,
							"places_block": "db:amethyst_ore",
							"may_replace": [
								{
									"name": "minecraft:stone",
									"states": {
										"stone_type": "andesite"
									}
								},
								{
									"name": "minecraft:stone",
									"states": {
										"stone_type": "andesite_smooth"
									}
								},
								{
									"name": "minecraft:stone",
									"states": {
										"stone_type": "diorite"
									}
								},
								{
									"name": "minecraft:stone",
									"states": {
										"stone_type": "diorite_smooth"
									}
								},
								{
									"name": "minecraft:stone",
									"states": {
										"stone_type": "granite"
									}
								},
								{
									"name": "minecraft:stone",
									"states": {
										"stone_type": "granite_smooth"
									}
								},
								{
									"name": "minecraft:stone",
									"states": {
										"stone_type": "stone"
									}
								}
							]
						},
						"data": "12",
						"key": "count"
					},
					{
						"open": {
							"description": {
								"identifier": "db:amethystore_feature"
							},
							"count": 12,
							"places_block": "db:amethyst_ore",
							"may_replace": [
								{
									"name": "minecraft:stone",
									"states": {
										"stone_type": "andesite"
									}
								},
								{
									"name": "minecraft:stone",
									"states": {
										"stone_type": "andesite_smooth"
									}
								},
								{
									"name": "minecraft:stone",
									"states": {
										"stone_type": "diorite"
									}
								},
								{
									"name": "minecraft:stone",
									"states": {
										"stone_type": "diorite_smooth"
									}
								},
								{
									"name": "minecraft:stone",
									"states": {
										"stone_type": "granite"
									}
								},
								{
									"name": "minecraft:stone",
									"states": {
										"stone_type": "granite_smooth"
									}
								},
								{
									"name": "minecraft:stone",
									"states": {
										"stone_type": "stone"
									}
								}
							]
						},
						"data": "db:amethyst_ore",
						"key": "places_block"
					},
					{
						"open": {
							"description": {
								"identifier": "db:amethystore_feature"
							},
							"count": 12,
							"places_block": "db:amethyst_ore",
							"may_replace": [
								{
									"name": "minecraft:stone",
									"states": {
										"stone_type": "andesite"
									}
								},
								{
									"name": "minecraft:stone",
									"states": {
										"stone_type": "andesite_smooth"
									}
								},
								{
									"name": "minecraft:stone",
									"states": {
										"stone_type": "diorite"
									}
								},
								{
									"name": "minecraft:stone",
									"states": {
										"stone_type": "diorite_smooth"
									}
								},
								{
									"name": "minecraft:stone",
									"states": {
										"stone_type": "granite"
									}
								},
								{
									"name": "minecraft:stone",
									"states": {
										"stone_type": "granite_smooth"
									}
								},
								{
									"name": "minecraft:stone",
									"states": {
										"stone_type": "stone"
									}
								}
							]
						},
						"key": "may_replace",
						"is_minified": true,
						"children": [
							{
								"name": "minecraft:stone",
								"states": {
									"stone_type": "andesite"
								}
							},
							{
								"name": "minecraft:stone",
								"states": {
									"stone_type": "andesite_smooth"
								}
							},
							{
								"name": "minecraft:stone",
								"states": {
									"stone_type": "diorite"
								}
							},
							{
								"name": "minecraft:stone",
								"states": {
									"stone_type": "diorite_smooth"
								}
							},
							{
								"name": "minecraft:stone",
								"states": {
									"stone_type": "granite"
								}
							},
							{
								"name": "minecraft:stone",
								"states": {
									"stone_type": "granite_smooth"
								}
							},
							{
								"name": "minecraft:stone",
								"states": {
									"stone_type": "stone"
								}
							}
						]
					}
				]
			}
		]
	}
}