{
	"file_path": "C:\\Users\\Thegu\\AppData\\Local\\Packages\\Microsoft.MinecraftUWP_8wekyb3d8bbwe\\LocalState\\games\\com.mojang\\games\\com.mojang\\games\\com.mojang\\development_behavior_packs\\More Advanced Mods\\items\\amethyst_helmet.json",
	"file_type": "item",
	"format_version": 1,
	"file_uuid": "40ae6638_0653_4841_8d37_6b92123f4440",
	"file_version": 1,
	"cache_content": {
		"children": [
			{
				"data": "1.16.100",
				"key": "format_version"
			},
			{
				"open": {
					"format_version": "1.16.100",
					"minecraft:item": {
						"description": {
							"identifier": "db:amethyst_helmet",
							"category": "equipment"
						},
						"components": {
							"minecraft:max_stack_size": 1,
							"minecraft:enchantable": {
								"value": 9,
								"slot": "armor_head"
							},
							"minecraft:durability": {
								"max_durability": 3240,
								"damage_chance": {
									"min": 60,
									"max": 100
								}
							},
							"minecraft:icon": {
								"texture": "db_amethyst_helmet"
							},
							"minecraft:render_offsets": "helmets",
							"minecraft:armor": {
								"protection": 5
							},
							"minecraft:wearable": {
								"slot": "slot.armor.head"
							},
							"minecraft:creative_category": {
								"parent": "itemGroup.name.helmet"
							}
						},
						"events": {}
					}
				},
				"key": "minecraft:item",
				"children": [
					{
						"open": {
							"description": {
								"identifier": "db:amethyst_helmet",
								"category": "equipment"
							},
							"components": {
								"minecraft:max_stack_size": 1,
								"minecraft:enchantable": {
									"value": 9,
									"slot": "armor_head"
								},
								"minecraft:durability": {
									"max_durability": 3240,
									"damage_chance": {
										"min": 60,
										"max": 100
									}
								},
								"minecraft:icon": {
									"texture": "db_amethyst_helmet"
								},
								"minecraft:render_offsets": "helmets",
								"minecraft:armor": {
									"protection": 5
								},
								"minecraft:wearable": {
									"slot": "slot.armor.head"
								},
								"minecraft:creative_category": {
									"parent": "itemGroup.name.helmet"
								}
							},
							"events": {}
						},
						"key": "description",
						"is_minified": true,
						"children": {
							"identifier": "db:amethyst_helmet",
							"category": "equipment"
						}
					},
					{
						"open": {
							"description": {
								"identifier": "db:amethyst_helmet",
								"category": "equipment"
							},
							"components": {
								"minecraft:max_stack_size": 1,
								"minecraft:enchantable": {
									"value": 9,
									"slot": "armor_head"
								},
								"minecraft:durability": {
									"max_durability": 3240,
									"damage_chance": {
										"min": 60,
										"max": 100
									}
								},
								"minecraft:icon": {
									"texture": "db_amethyst_helmet"
								},
								"minecraft:render_offsets": "helmets",
								"minecraft:armor": {
									"protection": 5
								},
								"minecraft:wearable": {
									"slot": "slot.armor.head"
								},
								"minecraft:creative_category": {
									"parent": "itemGroup.name.helmet"
								}
							},
							"events": {}
						},
						"key": "components",
						"children": [
							{
								"data": "1",
								"key": "minecraft:max_stack_size"
							},
							{
								"key": "minecraft:enchantable",
								"is_minified": true,
								"children": {
									"value": 9,
									"slot": "armor_head"
								}
							},
							{
								"key": "minecraft:durability",
								"is_minified": true,
								"children": {
									"max_durability": 3240,
									"damage_chance": {
										"min": 60,
										"max": 100
									}
								}
							},
							{
								"key": "minecraft:icon",
								"is_minified": true,
								"children": {
									"texture": "db_amethyst_helmet"
								}
							},
							{
								"data": "helmets",
								"key": "minecraft:render_offsets"
							},
							{
								"key": "minecraft:armor",
								"is_minified": true,
								"children": {
									"protection": 5
								}
							},
							{
								"key": "minecraft:wearable",
								"is_minified": true,
								"children": {
									"slot": "slot.armor.head"
								}
							},
							{
								"open": {
									"minecraft:max_stack_size": 1,
									"minecraft:enchantable": {
										"value": 9,
										"slot": "armor_head"
									},
									"minecraft:durability": {
										"max_durability": 3240,
										"damage_chance": {
											"min": 60,
											"max": 100
										}
									},
									"minecraft:icon": {
										"texture": "db_amethyst_helmet"
									},
									"minecraft:render_offsets": "helmets",
									"minecraft:armor": {
										"protection": 5
									},
									"minecraft:wearable": {
										"slot": "slot.armor.head"
									},
									"minecraft:creative_category": {
										"parent": "itemGroup.name.helmet"
									}
								},
								"key": "minecraft:creative_category",
								"is_minified": true,
								"children": {
									"parent": "itemGroup.name.helmet"
								}
							}
						]
					},
					{
						"key": "events",
						"is_minified": true,
						"children": {}
					}
				]
			}
		]
	}
}