{
	"file_path": "C:\\Users\\Thegu\\AppData\\Local\\Packages\\Microsoft.MinecraftUWP_8wekyb3d8bbwe\\LocalState\\games\\com.mojang\\games\\com.mojang\\games\\com.mojang\\development_behavior_packs\\More Advanced Mods\\items\\amethyst_pickaxe.json",
	"file_type": "item",
	"format_version": 1,
	"file_uuid": "8b43e218_a743_43af_bb3b_6068ad77554e",
	"file_version": 3,
	"cache_content": {
		"children": [
			{
				"data": "1.16.100",
				"key": "format_version"
			},
			{
				"open": {
					"format_version": "1.16.100",
					"minecraft:item": {
						"description": {
							"identifier": "db:amethyst_pickaxe",
							"category": "equipment"
						},
						"components": {
							"minecraft:max_stack_size": 1,
							"minecraft:hand_equipped": true,
							"minecraft:durability": {
								"max_damage": 1561
							},
							"minecraft:mining_speed": 8,
							"minecraft:damage": 2,
							"minecraft:enchantable": {
								"value": 10,
								"slot": "pickaxe"
							},
							"minecraft:digger": {
								"use_efficiency": true,
								"destroy_speeds": [
									{
										"block": {
											"tags": "q.any_tag('stone', 'metal', 'diamond_pick_diggable')"
										},
										"speed": 8
									},
									{
										"block": "minecraft:ice",
										"speed": 8
									},
									{
										"block": "minecraft:sandstone",
										"speed": 8
									}
								]
							},
							"minecraft:icon": {
								"texture": "db_amethyst_pickaxe"
							},
							"minecraft:creative_category": {
								"parent": "itemGroup.name.pickaxe"
							},
							"minecraft:display_name": {
								"value": "§5Amethyst Pickaxe"
							},
							"minecraft:weapon": {}
						},
						"events": {}
					}
				},
				"key": "minecraft:item",
				"children": [
					{
						"key": "description",
						"is_minified": true,
						"children": {
							"identifier": "db:amethyst_pickaxe",
							"category": "equipment"
						}
					},
					{
						"open": {
							"description": {
								"identifier": "db:amethyst_pickaxe",
								"category": "equipment"
							},
							"components": {
								"minecraft:max_stack_size": 1,
								"minecraft:hand_equipped": true,
								"minecraft:durability": {
									"max_damage": 1561
								},
								"minecraft:mining_speed": 8,
								"minecraft:damage": 2,
								"minecraft:enchantable": {
									"value": 10,
									"slot": "pickaxe"
								},
								"minecraft:digger": {
									"use_efficiency": true,
									"destroy_speeds": [
										{
											"block": {
												"tags": "q.any_tag('stone', 'metal', 'diamond_pick_diggable')"
											},
											"speed": 8
										},
										{
											"block": "minecraft:ice",
											"speed": 8
										},
										{
											"block": "minecraft:sandstone",
											"speed": 8
										}
									]
								},
								"minecraft:icon": {
									"texture": "db_amethyst_pickaxe"
								},
								"minecraft:creative_category": {
									"parent": "itemGroup.name.pickaxe"
								},
								"minecraft:display_name": {
									"value": "§5Amethyst Pickaxe"
								},
								"minecraft:weapon": {}
							},
							"events": {}
						},
						"key": "components",
						"children": [
							{
								"data": "1",
								"key": "minecraft:max_stack_size"
							},
							{
								"data": "true",
								"key": "minecraft:hand_equipped"
							},
							{
								"key": "minecraft:durability",
								"is_minified": true,
								"children": {
									"max_damage": 1561
								}
							},
							{
								"data": "8",
								"key": "minecraft:mining_speed"
							},
							{
								"data": "2",
								"key": "minecraft:damage"
							},
							{
								"key": "minecraft:enchantable",
								"is_minified": true,
								"children": {
									"value": 10,
									"slot": "pickaxe"
								}
							},
							{
								"key": "minecraft:digger",
								"is_minified": true,
								"children": {
									"use_efficiency": true,
									"destroy_speeds": [
										{
											"block": {
												"tags": "q.any_tag('stone', 'metal', 'diamond_pick_diggable')"
											},
											"speed": 8
										},
										{
											"block": "minecraft:ice",
											"speed": 8
										},
										{
											"block": "minecraft:sandstone",
											"speed": 8
										}
									]
								}
							},
							{
								"key": "minecraft:icon",
								"is_minified": true,
								"children": {
									"texture": "db_amethyst_pickaxe"
								}
							},
							{
								"key": "minecraft:creative_category",
								"is_minified": true,
								"children": {
									"parent": "itemGroup.name.pickaxe"
								}
							},
							{
								"open": {
									"minecraft:max_stack_size": 1,
									"minecraft:hand_equipped": true,
									"minecraft:durability": {
										"max_damage": 1561
									},
									"minecraft:mining_speed": 8,
									"minecraft:damage": 2,
									"minecraft:enchantable": {
										"value": 10,
										"slot": "pickaxe"
									},
									"minecraft:digger": {
										"use_efficiency": true,
										"destroy_speeds": [
											{
												"block": {
													"tags": "q.any_tag('stone', 'metal', 'diamond_pick_diggable')"
												},
												"speed": 8
											},
											{
												"block": "minecraft:ice",
												"speed": 8
											},
											{
												"block": "minecraft:sandstone",
												"speed": 8
											}
										]
									},
									"minecraft:icon": {
										"texture": "db_amethyst_pickaxe"
									},
									"minecraft:creative_category": {
										"parent": "itemGroup.name.pickaxe"
									},
									"minecraft:display_name": {
										"value": "§5Amethyst Pickaxe"
									},
									"minecraft:weapon": {}
								},
								"key": "minecraft:display_name",
								"is_minified": true,
								"children": {
									"value": "§5Amethyst Pickaxe"
								}
							},
							{
								"key": "minecraft:weapon",
								"is_minified": true,
								"children": {}
							}
						]
					},
					{
						"key": "events",
						"is_minified": true,
						"children": {}
					}
				]
			}
		]
	}
}