{
	"file_path": "C:\\Users\\Thegu\\AppData\\Local\\Packages\\Microsoft.MinecraftUWP_8wekyb3d8bbwe\\LocalState\\games\\com.mojang\\games\\com.mojang\\games\\com.mojang\\development_behavior_packs\\More Advanced Mods\\blocks\\amethyst_ore.json",
	"file_type": "block",
	"format_version": 1,
	"file_uuid": "0fd7fb94_6861_4db8_936d_ead14368f07c",
	"file_version": 11,
	"cache_content": {
		"children": [
			{
				"data": "1.16.100",
				"key": "format_version"
			},
			{
				"open": {
					"format_version": "1.16.100",
					"minecraft:block": {
						"description": {
							"identifier": "db:amethyst_ore",
							"is_experimental": false
						},
						"components": {
							"minecraft:destroy_time": 2,
							"minecraft:explosion_resistance": 3,
							"minecraft:map_color": "#8e44ad",
							"minecraft:block_light_emission": 0.3,
							"minecraft:on_player_destroyed": {
								"event": "on_player_destroyed",
								"target": "self",
								"condition": "query.get_equipped_item_name == 'netherite_pickaxe' || query.get_equipped_item_name == 'amethyst_pickaxe'"
							},
							"minecraft:loot": "loot_tables/empty.json"
						},
						"events": {
							"on_player_destroyed": {
								"spawn_loot": {
									"table": "loot_tables/blocks/amethst_ore.json"
								}
							}
						}
					}
				},
				"key": "minecraft:block",
				"children": [
					{
						"key": "description",
						"is_minified": true,
						"children": {
							"identifier": "db:amethyst_ore",
							"is_experimental": false
						}
					},
					{
						"open": {
							"description": {
								"identifier": "db:amethyst_ore",
								"is_experimental": false
							},
							"components": {
								"minecraft:destroy_time": 2,
								"minecraft:explosion_resistance": 3,
								"minecraft:map_color": "#8e44ad",
								"minecraft:block_light_emission": 0.3,
								"minecraft:on_player_destroyed": {
									"event": "on_player_destroyed",
									"target": "self",
									"condition": "query.get_equipped_item_name == 'netherite_pickaxe' || query.get_equipped_item_name == 'amethyst_pickaxe'"
								},
								"minecraft:loot": "loot_tables/empty.json"
							},
							"events": {
								"on_player_destroyed": {
									"spawn_loot": {
										"table": "loot_tables/blocks/amethst_ore.json"
									}
								}
							}
						},
						"key": "components",
						"children": [
							{
								"data": "2",
								"key": "minecraft:destroy_time"
							},
							{
								"data": "3",
								"key": "minecraft:explosion_resistance"
							},
							{
								"data": "#8e44ad",
								"key": "minecraft:map_color"
							},
							{
								"data": "0.3",
								"key": "minecraft:block_light_emission"
							},
							{
								"open": {
									"minecraft:destroy_time": 2,
									"minecraft:explosion_resistance": 3,
									"minecraft:map_color": "#8e44ad",
									"minecraft:block_light_emission": 0.3,
									"minecraft:on_player_destroyed": {
										"event": "on_player_destroyed",
										"target": "self",
										"condition": "query.get_equipped_item_name == 'netherite_pickaxe' || query.get_equipped_item_name == 'amethyst_pickaxe'"
									},
									"minecraft:loot": "loot_tables/empty.json"
								},
								"key": "minecraft:on_player_destroyed",
								"is_minified": true,
								"children": {
									"event": "on_player_destroyed",
									"target": "self",
									"condition": "query.get_equipped_item_name == 'netherite_pickaxe' || query.get_equipped_item_name == 'amethyst_pickaxe'"
								}
							},
							{
								"data": "loot_tables/empty.json",
								"key": "minecraft:loot"
							}
						]
					},
					{
						"open": {
							"description": {
								"identifier": "db:amethyst_ore",
								"is_experimental": false
							},
							"components": {
								"minecraft:destroy_time": 2,
								"minecraft:explosion_resistance": 3,
								"minecraft:map_color": "#8e44ad",
								"minecraft:block_light_emission": 0.3,
								"minecraft:on_player_destroyed": {
									"event": "on_player_destroyed",
									"target": "self",
									"condition": "query.get_equipped_item_name == 'netherite_pickaxe' || query.get_equipped_item_name == 'amethyst_pickaxe'"
								},
								"minecraft:loot": "loot_tables/empty.json"
							},
							"events": {
								"on_player_destroyed": {
									"spawn_loot": {
										"table": "loot_tables/blocks/amethst_ore.json"
									}
								}
							}
						},
						"key": "events",
						"children": [
							{
								"open": {
									"on_player_destroyed": {
										"spawn_loot": {
											"table": "loot_tables/blocks/amethst_ore.json"
										}
									}
								},
								"key": "on_player_destroyed",
								"children": [
									{
										"open": {
											"spawn_loot": {
												"table": "loot_tables/blocks/amethst_ore.json"
											}
										},
										"key": "spawn_loot",
										"is_minified": true,
										"children": {
											"table": "loot_tables/blocks/amethst_ore.json"
										}
									}
								]
							}
						]
					}
				]
			}
		]
	}
}